"id","role_id","user_id","created_at","updated_at"
1,1,1,,
2,1,2,,
5,3,4,,
6,4,3,,
7,7,3,,
10,4,5,,
12,4,6,,
13,7,6,,
14,3,7,,
17,1,9,,
18,3,12,"2025-03-05 09:24:17","2025-03-05 09:24:17"
19,3,13,"2025-03-05 21:48:22","2025-03-05 21:48:22"
20,3,14,"2025-03-08 07:02:28","2025-03-08 07:02:28"
21,3,15,"2025-03-09 02:03:43","2025-03-09 02:03:43"
22,3,16,"2025-03-10 06:03:58","2025-03-10 06:03:58"
23,3,17,"2025-03-13 15:06:23","2025-03-13 15:06:23"
24,3,18,"2025-03-15 01:10:20","2025-03-15 01:10:20"
25,3,19,"2025-03-15 06:40:08","2025-03-15 06:40:08"
26,3,20,"2025-03-16 07:03:05","2025-03-16 07:03:05"
27,3,21,"2025-03-19 09:01:07","2025-03-19 09:01:07"
28,3,22,"2025-03-21 18:56:32","2025-03-21 18:56:32"
29,3,23,"2025-03-22 11:37:33","2025-03-22 11:37:33"
30,3,24,"2025-04-01 00:14:37","2025-04-01 00:14:37"
31,3,25,"2025-04-01 03:55:55","2025-04-01 03:55:55"
32,3,26,"2025-04-01 04:03:20","2025-04-01 04:03:20"
33,3,27,"2025-04-01 09:14:22","2025-04-01 09:14:22"
34,3,28,"2025-04-02 10:54:12","2025-04-02 10:54:12"
35,3,29,"2025-04-02 14:24:42","2025-04-02 14:24:42"
36,3,30,"2025-04-03 09:22:41","2025-04-03 09:22:41"
37,3,31,"2025-04-04 10:15:37","2025-04-04 10:15:37"
38,3,32,"2025-04-06 00:35:35","2025-04-06 00:35:35"
39,3,33,"2025-04-07 04:46:00","2025-04-07 04:46:00"
40,3,34,"2025-04-08 05:14:10","2025-04-08 05:14:10"
41,3,35,"2025-04-10 10:00:27","2025-04-10 10:00:27"
42,3,36,"2025-04-10 19:44:54","2025-04-10 19:44:54"
43,3,37,"2025-04-12 13:53:24","2025-04-12 13:53:24"
44,3,38,"2025-04-12 15:00:56","2025-04-12 15:00:56"
45,3,39,"2025-04-13 09:43:22","2025-04-13 09:43:22"
46,3,40,"2025-04-16 07:24:09","2025-04-16 07:24:09"
47,3,41,"2025-04-16 20:29:12","2025-04-16 20:29:12"
48,3,42,"2025-04-18 06:13:49","2025-04-18 06:13:49"
49,3,43,"2025-04-19 22:22:17","2025-04-19 22:22:17"
50,3,44,"2025-04-21 02:27:55","2025-04-21 02:27:55"
51,3,45,"2025-04-22 17:56:11","2025-04-22 17:56:11"
52,3,46,"2025-04-22 22:04:28","2025-04-22 22:04:28"
53,3,47,"2025-04-24 16:02:23","2025-04-24 16:02:23"
54,3,48,"2025-04-26 20:03:36","2025-04-26 20:03:36"
55,3,49,"2025-04-30 14:18:43","2025-04-30 14:18:43"
56,3,50,"2025-04-30 19:30:39","2025-04-30 19:30:39"
57,3,51,"2025-05-01 19:46:17","2025-05-01 19:46:17"
58,3,52,"2025-05-02 02:10:14","2025-05-02 02:10:14"
59,3,53,"2025-05-02 14:44:43","2025-05-02 14:44:43"
60,3,54,"2025-05-03 02:49:36","2025-05-03 02:49:36"
61,3,55,"2025-05-03 22:59:14","2025-05-03 22:59:14"
62,3,56,"2025-05-04 11:32:06","2025-05-04 11:32:06"
