"id","name","description","master_id","created_at","updated_at"
2,CENTRE 2,,,"2024-04-01 08:51:30","2024-04-01 10:29:36"
3,CENTRE 3,,,"2024-04-01 08:51:46","2024-04-01 10:29:49"
4,CENTRE 4,,,"2024-04-01 08:52:01","2024-04-01 10:30:02"
5,CENTRE 5,,,"2024-04-01 10:23:52","2024-04-01 10:30:16"
6,SECTEUR LITTORAL ET GRAND OUEST,,,"2024-04-01 10:24:16","2024-04-01 10:32:06"
7,SECTEUR SEPTENTRION,,,"2024-04-01 10:24:48","2024-04-01 10:33:32"
10,CENTRE 1,,,"2024-04-13 14:02:02","2024-04-15 16:15:20"
11,NGOUSSO,,3,"2025-05-04 15:34:19","2025-05-04 15:42:43"
12,SOA,,2,"2025-05-04 15:35:25","2025-05-04 15:35:25"
13,ESSOS,,10,"2025-05-04 15:35:53","2025-05-04 15:35:53"
14,GAROUA,,7,"2025-05-04 15:37:37","2025-05-04 15:37:37"
15,AUTRE,,,"2025-05-04 15:38:03","2025-05-04 15:38:03"
16,LOME,,15,"2025-05-05 02:32:07","2025-05-05 02:32:07"
17,LIBREVILLE,,15,"2025-05-05 02:32:30","2025-05-05 02:32:30"
